Workbook

Sheet Form responses 1
A1: Column 1 | B1: PO Number | C1: Vendor Name | D1: Quantity | E1: Location
A2: 46150.53 | B2: 001 | C2: Kajal | D2: 100 | E2: Bangalore
A3: 46150.591 | B3: 002 | C3: moni | D3: 10 | E3: Dhanbad
A4: 46150.732 | B4: 1 | C4: rajesh | D4: 5000 | E4: ben
A5: 46151.412 | B5: 003 | C5: vinay | D5: 200 | E5: jharkhand
A6: 46151.424 | B6: 004 | C6: moni | D6: 10 | E6: Rajajinagar

Sheet FMS
A1: =NOW() -> 46153.658
A2: What | B2: Generate PO and Fill Google Form | F2: Issue PO To Supplier | K2: Follow up with supplier | O2: Received Material | S2: Quality and Quantity Check
A3: Who | B3: Purchase Assistant | F3: Jayant | K3: Jayant | O3: Gate Incharge | S3: Purchase Assistant
A4: How | B4: ERP | F4: Send Email and Get confirmation and Lead Time | K4: Get ETA confirmation on whatsapp | O4: Material Receiving Checklist | S4: Quality and Quentity checklist
A5: When | B5: Whenever Needed | F5: 3 | K5: T-2 | O5: T-0 | S5: 2
A6: Timestamp | B6: PO Number | C6: Vendor Name | D6: Quantity | E6: Location | F6: Lead Time | G6: Planned | H6: Actual | I6: Status | J6: Time Delay | K6: Planned | L6: Actual | M6: Status | N6: Time Delay | O6: Planned | P6: Actual | Q6: Status | R6: Time Delay | S6: Planned | T6: Actual | U6: Yes/No | V6: Time Delay
A7: {=INDIRECT("'Form responses 1'!A2:E")} -> 46150.53 | B7: 001 | C7: Kajal | D7: 100 | E7: Bangalore | F7: 10 | G7: =IF(OR(ISBLANK(A7),ISBLANK(F$5)),"",LET(_start,A7,_tat,F$5/24,_open,Config!$A$1,_close,Config!$A$2,_wd,Config!$A$3,_hol,Holidays!$A$1:$A$300,_sd,INT(_start),_st,MOD(_start,1),_iswd,_xlfn.WORKDAY.INTL(_sd-1,1,_wd,_hol)=_sd,_first,IF(_iswd,IF(_st<_open,_sd+_open,IF(_st>=_close,_xlfn.WORKDAY.INTL(_sd,1,_wd,_hol)+_open,_start)),_xlfn.WORKDAY.INTL(_sd,1,_wd,_hol)+_open),_ft,MOD(_first,1),_avail,_close - MAX(_ft,_open),IF(_tat<=_avail,_first + _tat,LET(_rem1,_tat - _avail,_daylen,_close - _open,_k,INT(_rem1/_daylen),_rem2,MOD(_rem1,_daylen),_base,_xlfn.WORKDAY.INTL(INT(_first),1+_k,_wd,_hol),IF(_rem2=0,_xlfn.WORKDAY.INTL(INT(_first),_k,_wd,_hol) + _close,_base + _open + _rem2))))) -> 46150.655 | H7: 46150.541 | I7: Done | J7: =IF(G7,IF(H7<>"",IF(H7>G7,H7-G7,""),$A$1-G7),"") | K7: =IF(AND(H7<>"",F7<>""),H7+F7-2,"") -> 46158.541 | N7: =IF(K7,IF(L7<>"",IF(L7>K7,L7-K7,""),$A$1-K7),"") -> -4.8830709 | O7: =IF(AND(H7<>"",F7<>""),H7+F7-0,"") -> 46160.541 | R7: =IF(O7,IF(P7<>"",IF(P7>O7,P7-O7,""),$A$1-O7),"") -> -6.8830709 | S7: =IF(OR(ISBLANK(P7),ISBLANK(S$5)),"",LET(_start,P7,_tat,S$5/24,_open,Config!$A$1,_close,Config!$A$2,_wd,Config!$A$3,_hol,Holidays!$A$1:$A$300,_sd,INT(_start),_st,MOD(_start,1),_iswd,_xlfn.WORKDAY.INTL(_sd-1,1,_wd,_hol)=_sd,_first,IF(_iswd,IF(_st<_open,_sd+_open,IF(_st>=_close,_xlfn.WORKDAY.INTL(_sd,1,_wd,_hol)+_open,_start)),_xlfn.WORKDAY.INTL(_sd,1,_wd,_hol)+_open),_ft,MOD(_first,1),_avail,_close - MAX(_ft,_open),IF(_tat<=_avail,_first + _tat,LET(_rem1,_tat - _avail,_daylen,_close - _open,_k,INT(_rem1/_daylen),_rem2,MOD(_rem1,_daylen),_base,_xlfn.WORKDAY.INTL(INT(_first),1+_k,_wd,_hol),IF(_rem2=0,_xlfn.WORKDAY.INTL(INT(_first),_k,_wd,_hol) + _close,_base + _open + _rem2))))) | V7: =IF(S7,IF(T7<>"",IF(T7>S7,T7-S7,""),$A$1-S7),"")
A8: 46150.591 | B8: 002 | C8: moni | D8: 10 | E8: Dhanbad | F8: 1 | G8: =IF(OR(ISBLANK(A8),ISBLANK(F$5)),"",LET(_start,A8,_tat,F$5/24,_open,Config!$A$1,_close,Config!$A$2,_wd,Config!$A$3,_hol,Holidays!$A$1:$A$300,_sd,INT(_start),_st,MOD(_start,1),_iswd,_xlfn.WORKDAY.INTL(_sd-1,1,_wd,_hol)=_sd,_first,IF(_iswd,IF(_st<_open,_sd+_open,IF(_st>=_close,_xlfn.WORKDAY.INTL(_sd,1,_wd,_hol)+_open,_start)),_xlfn.WORKDAY.INTL(_sd,1,_wd,_hol)+_open),_ft,MOD(_first,1),_avail,_close - MAX(_ft,_open),IF(_tat<=_avail,_first + _tat,LET(_rem1,_tat - _avail,_daylen,_close - _open,_k,INT(_rem1/_daylen),_rem2,MOD(_rem1,_daylen),_base,_xlfn.WORKDAY.INTL(INT(_first),1+_k,_wd,_hol),IF(_rem2=0,_xlfn.WORKDAY.INTL(INT(_first),_k,_wd,_hol) + _close,_base + _open + _rem2))))) -> 46150.716 | H8: 46150.592 | I8: Done | J8: =IF(G8,IF(H8<>"",IF(H8>G8,H8-G8,""),$A$1-G8),"") | K8: =IF(AND(H8<>"",F8<>""),H8+F8-2,"") -> 46149.592 | L8: 46151.412 | M8: Done | N8: =IF(K8,IF(L8<>"",IF(L8>K8,L8-K8,""),$A$1-K8),"") -> 1.8201636 | O8: =IF(AND(H8<>"",F8<>""),H8+F8-0,"") -> 46151.592 | R8: =IF(O8,IF(P8<>"",IF(P8>O8,P8-O8,""),$A$1-O8),"") -> 2.0660133 | S8: =IF(OR(ISBLANK(P8),ISBLANK(S$5)),"",LET(_start,P8,_tat,S$5/24,_open,Config!$A$1,_close,Config!$A$2,_wd,Config!$A$3,_hol,Holidays!$A$1:$A$300,_sd,INT(_start),_st,MOD(_start,1),_iswd,_xlfn.WORKDAY.INTL(_sd-1,1,_wd,_hol)=_sd,_first,IF(_iswd,IF(_st<_open,_sd+_open,IF(_st>=_close,_xlfn.WORKDAY.INTL(_sd,1,_wd,_hol)+_open,_start)),_xlfn.WORKDAY.INTL(_sd,1,_wd,_hol)+_open),_ft,MOD(_first,1),_avail,_close - MAX(_ft,_open),IF(_tat<=_avail,_first + _tat,LET(_rem1,_tat - _avail,_daylen,_close - _open,_k,INT(_rem1/_daylen),_rem2,MOD(_rem1,_daylen),_base,_xlfn.WORKDAY.INTL(INT(_first),1+_k,_wd,_hol),IF(_rem2=0,_xlfn.WORKDAY.INTL(INT(_first),_k,_wd,_hol) + _close,_base + _open + _rem2))))) | V8: =IF(S8,IF(T8<>"",IF(T8>S8,T8-S8,""),$A$1-S8),"")
A9: 46150.732 | B9: 1 | C9: rajesh | D9: 5000 | E9: ben | F9: 2 | G9: =IF(OR(ISBLANK(A9),ISBLANK(F$5)),"",LET(_start,A9,_tat,F$5/24,_open,Config!$A$1,_close,Config!$A$2,_wd,Config!$A$3,_hol,Holidays!$A$1:$A$300,_sd,INT(_start),_st,MOD(_start,1),_iswd,_xlfn.WORKDAY.INTL(_sd-1,1,_wd,_hol)=_sd,_first,IF(_iswd,IF(_st<_open,_sd+_open,IF(_st>=_close,_xlfn.WORKDAY.INTL(_sd,1,_wd,_hol)+_open,_start)),_xlfn.WORKDAY.INTL(_sd,1,_wd,_hol)+_open),_ft,MOD(_first,1),_avail,_close - MAX(_ft,_open),IF(_tat<=_avail,_first + _tat,LET(_rem1,_tat - _avail,_daylen,_close - _open,_k,INT(_rem1/_daylen),_rem2,MOD(_rem1,_daylen),_base,_xlfn.WORKDAY.INTL(INT(_first),1+_k,_wd,_hol),IF(_rem2=0,_xlfn.WORKDAY.INTL(INT(_first),_k,_wd,_hol) + _close,_base + _open + _rem2))))) -> 46151.524 | H9: 46150.733 | I9: Done | J9: =IF(G9,IF(H9<>"",IF(H9>G9,H9-G9,""),$A$1-G9),"") | K9: =IF(AND(H9<>"",F9<>""),H9+F9-2,"") -> 46150.733 | L9: 46150.735 | M9: Done | N9: =IF(K9,IF(L9<>"",IF(L9>K9,L9-K9,""),$A$1-K9),"") -> 0.0019056944 | O9: =IF(AND(H9<>"",F9<>""),H9+F9-0,"") -> 46152.733 | R9: =IF(O9,IF(P9<>"",IF(P9>O9,P9-O9,""),$A$1-O9),"") -> 0.92523478 | S9: =IF(OR(ISBLANK(P9),ISBLANK(S$5)),"",LET(_start,P9,_tat,S$5/24,_open,Config!$A$1,_close,Config!$A$2,_wd,Config!$A$3,_hol,Holidays!$A$1:$A$300,_sd,INT(_start),_st,MOD(_start,1),_iswd,_xlfn.WORKDAY.INTL(_sd-1,1,_wd,_hol)=_sd,_first,IF(_iswd,IF(_st<_open,_sd+_open,IF(_st>=_close,_xlfn.WORKDAY.INTL(_sd,1,_wd,_hol)+_open,_start)),_xlfn.WORKDAY.INTL(_sd,1,_wd,_hol)+_open),_ft,MOD(_first,1),_avail,_close - MAX(_ft,_open),IF(_tat<=_avail,_first + _tat,LET(_rem1,_tat - _avail,_daylen,_close - _open,_k,INT(_rem1/_daylen),_rem2,MOD(_rem1,_daylen),_base,_xlfn.WORKDAY.INTL(INT(_first),1+_k,_wd,_hol),IF(_rem2=0,_xlfn.WORKDAY.INTL(INT(_first),_k,_wd,_hol) + _close,_base + _open + _rem2))))) | V9: =IF(S9,IF(T9<>"",IF(T9>S9,T9-S9,""),$A$1-S9),"")
A10: 46151.412 | B10: 003 | C10: vinay | D10: 200 | E10: jharkhand | F10: 4 | G10: =IF(OR(ISBLANK(A10),ISBLANK(F$5)),"",LET(_start,A10,_tat,F$5/24,_open,Config!$A$1,_close,Config!$A$2,_wd,Config!$A$3,_hol,Holidays!$A$1:$A$300,_sd,INT(_start),_st,MOD(_start,1),_iswd,_xlfn.WORKDAY.INTL(_sd-1,1,_wd,_hol)=_sd,_first,IF(_iswd,IF(_st<_open,_sd+_open,IF(_st>=_close,_xlfn.WORKDAY.INTL(_sd,1,_wd,_hol)+_open,_start)),_xlfn.WORKDAY.INTL(_sd,1,_wd,_hol)+_open),_ft,MOD(_first,1),_avail,_close - MAX(_ft,_open),IF(_tat<=_avail,_first + _tat,LET(_rem1,_tat - _avail,_daylen,_close - _open,_k,INT(_rem1/_daylen),_rem2,MOD(_rem1,_daylen),_base,_xlfn.WORKDAY.INTL(INT(_first),1+_k,_wd,_hol),IF(_rem2=0,_xlfn.WORKDAY.INTL(INT(_first),_k,_wd,_hol) + _close,_base + _open + _rem2))))) -> 46151.542 | H10: 46151.415 | I10: Done | J10: =IF(G10,IF(H10<>"",IF(H10>G10,H10-G10,""),$A$1-G10),"") | K10: =IF(AND(H10<>"",F10<>""),H10+F10-2,"") -> 46153.415 | N10: =IF(K10,IF(L10<>"",IF(L10>K10,L10-K10,""),$A$1-K10),"") -> 0.24271718 | O10: =IF(AND(H10<>"",F10<>""),H10+F10-0,"") -> 46155.415 | R10: =IF(O10,IF(P10<>"",IF(P10>O10,P10-O10,""),$A$1-O10),"") -> -1.7572828 | S10: =IF(OR(ISBLANK(P10),ISBLANK(S$5)),"",LET(_start,P10,_tat,S$5/24,_open,Config!$A$1,_close,Config!$A$2,_wd,Config!$A$3,_hol,Holidays!$A$1:$A$300,_sd,INT(_start),_st,MOD(_start,1),_iswd,_xlfn.WORKDAY.INTL(_sd-1,1,_wd,_hol)=_sd,_first,IF(_iswd,IF(_st<_open,_sd+_open,IF(_st>=_close,_xlfn.WORKDAY.INTL(_sd,1,_wd,_hol)+_open,_start)),_xlfn.WORKDAY.INTL(_sd,1,_wd,_hol)+_open),_ft,MOD(_first,1),_avail,_close - MAX(_ft,_open),IF(_tat<=_avail,_first + _tat,LET(_rem1,_tat - _avail,_daylen,_close - _open,_k,INT(_rem1/_daylen),_rem2,MOD(_rem1,_daylen),_base,_xlfn.WORKDAY.INTL(INT(_first),1+_k,_wd,_hol),IF(_rem2=0,_xlfn.WORKDAY.INTL(INT(_first),_k,_wd,_hol) + _close,_base + _open + _rem2))))) | V10: =IF(S10,IF(T10<>"",IF(T10>S10,T10-S10,""),$A$1-S10),"")
A11: 46151.424 | B11: 004 | C11: moni | D11: 10 | E11: Rajajinagar | F11: 4 | G11: =IF(OR(ISBLANK(A11),ISBLANK(F$5)),"",LET(_start,A11,_tat,F$5/24,_open,Config!$A$1,_close,Config!$A$2,_wd,Config!$A$3,_hol,Holidays!$A$1:$A$300,_sd,INT(_start),_st,MOD(_start,1),_iswd,_xlfn.WORKDAY.INTL(_sd-1,1,_wd,_hol)=_sd,_first,IF(_iswd,IF(_st<_open,_sd+_open,IF(_st>=_close,_xlfn.WORKDAY.INTL(_sd,1,_wd,_hol)+_open,_start)),_xlfn.WORKDAY.INTL(_sd,1,_wd,_hol)+_open),_ft,MOD(_first,1),_avail,_close - MAX(_ft,_open),IF(_tat<=_avail,_first + _tat,LET(_rem1,_tat - _avail,_daylen,_close - _open,_k,INT(_rem1/_daylen),_rem2,MOD(_rem1,_daylen),_base,_xlfn.WORKDAY.INTL(INT(_first),1+_k,_wd,_hol),IF(_rem2=0,_xlfn.WORKDAY.INTL(INT(_first),_k,_wd,_hol) + _close,_base + _open + _rem2))))) -> 46151.549 | H11: 46151.441 | I11: Done | J11: =IF(G11,IF(H11<>"",IF(H11>G11,H11-G11,""),$A$1-G11),"") | K11: =IF(AND(H11<>"",F11<>""),H11+F11-2,"") -> 46153.441 | N11: =IF(K11,IF(L11<>"",IF(L11>K11,L11-K11,""),$A$1-K11),"") -> 0.21675046 | O11: =IF(AND(H11<>"",F11<>""),H11+F11-0,"") -> 46155.441 | R11: =IF(O11,IF(P11<>"",IF(P11>O11,P11-O11,""),$A$1-O11),"") -> -1.7832495 | S11: =IF(OR(ISBLANK(P11),ISBLANK(S$5)),"",LET(_start,P11,_tat,S$5/24,_open,Config!$A$1,_close,Config!$A$2,_wd,Config!$A$3,_hol,Holidays!$A$1:$A$300,_sd,INT(_start),_st,MOD(_start,1),_iswd,_xlfn.WORKDAY.INTL(_sd-1,1,_wd,_hol)=_sd,_first,IF(_iswd,IF(_st<_open,_sd+_open,IF(_st>=_close,_xlfn.WORKDAY.INTL(_sd,1,_wd,_hol)+_open,_start)),_xlfn.WORKDAY.INTL(_sd,1,_wd,_hol)+_open),_ft,MOD(_first,1),_avail,_close - MAX(_ft,_open),IF(_tat<=_avail,_first + _tat,LET(_rem1,_tat - _avail,_daylen,_close - _open,_k,INT(_rem1/_daylen),_rem2,MOD(_rem1,_daylen),_base,_xlfn.WORKDAY.INTL(INT(_first),1+_k,_wd,_hol),IF(_rem2=0,_xlfn.WORKDAY.INTL(INT(_first),_k,_wd,_hol) + _close,_base + _open + _rem2))))) | V11: =IF(S11,IF(T11<>"",IF(T11>S11,T11-S11,""),$A$1-S11),"")
G12: =IF(OR(ISBLANK(A12),ISBLANK(F$5)),"",LET(_start,A12,_tat,F$5/24,_open,Config!$A$1,_close,Config!$A$2,_wd,Config!$A$3,_hol,Holidays!$A$1:$A$300,_sd,INT(_start),_st,MOD(_start,1),_iswd,_xlfn.WORKDAY.INTL(_sd-1,1,_wd,_hol)=_sd,_first,IF(_iswd,IF(_st<_open,_sd+_open,IF(_st>=_close,_xlfn.WORKDAY.INTL(_sd,1,_wd,_hol)+_open,_start)),_xlfn.WORKDAY.INTL(_sd,1,_wd,_hol)+_open),_ft,MOD(_first,1),_avail,_close - MAX(_ft,_open),IF(_tat<=_avail,_first + _tat,LET(_rem1,_tat - _avail,_daylen,_close - _open,_k,INT(_rem1/_daylen),_rem2,MOD(_rem1,_daylen),_base,_xlfn.WORKDAY.INTL(INT(_first),1+_k,_wd,_hol),IF(_rem2=0,_xlfn.WORKDAY.INTL(INT(_first),_k,_wd,_hol) + _close,_base + _open + _rem2))))) | J12: =IF(G12,IF(H12<>"",IF(H12>G12,H12-G12,""),$A$1-G12),"") | K12: =IF(AND(H12<>"",F12<>""),H12+F12-2,"") | N12: =IF(K12,IF(L12<>"",IF(L12>K12,L12-K12,""),$A$1-K12),"") | O12: =IF(AND(H12<>"",F12<>""),H12+F12-0,"") | R12: =IF(O12,IF(P12<>"",IF(P12>O12,P12-O12,""),$A$1-O12),"") | S12: =IF(OR(ISBLANK(P12),ISBLANK(S$5)),"",LET(_start,P12,_tat,S$5/24,_open,Config!$A$1,_close,Config!$A$2,_wd,Config!$A$3,_hol,Holidays!$A$1:$A$300,_sd,INT(_start),_st,MOD(_start,1),_iswd,_xlfn.WORKDAY.INTL(_sd-1,1,_wd,_hol)=_sd,_first,IF(_iswd,IF(_st<_open,_sd+_open,IF(_st>=_close,_xlfn.WORKDAY.INTL(_sd,1,_wd,_hol)+_open,_start)),_xlfn.WORKDAY.INTL(_sd,1,_wd,_hol)+_open),_ft,MOD(_first,1),_avail,_close - MAX(_ft,_open),IF(_tat<=_avail,_first + _tat,LET(_rem1,_tat - _avail,_daylen,_close - _open,_k,INT(_rem1/_daylen),_rem2,MOD(_rem1,_daylen),_base,_xlfn.WORKDAY.INTL(INT(_first),1+_k,_wd,_hol),IF(_rem2=0,_xlfn.WORKDAY.INTL(INT(_first),_k,_wd,_hol) + _close,_base + _open + _rem2))))) | V12: =IF(S12,IF(T12<>"",IF(T12>S12,T12-S12,""),$A$1-S12),"")
G13: =IF(OR(ISBLANK(A13),ISBLANK(F$5)),"",LET(_start,A13,_tat,F$5/24,_open,Config!$A$1,_close,Config!$A$2,_wd,Config!$A$3,_hol,Holidays!$A$1:$A$300,_sd,INT(_start),_st,MOD(_start,1),_iswd,_xlfn.WORKDAY.INTL(_sd-1,1,_wd,_hol)=_sd,_first,IF(_iswd,IF(_st<_open,_sd+_open,IF(_st>=_close,_xlfn.WORKDAY.INTL(_sd,1,_wd,_hol)+_open,_start)),_xlfn.WORKDAY.INTL(_sd,1,_wd,_hol)+_open),_ft,MOD(_first,1),_avail,_close - MAX(_ft,_open),IF(_tat<=_avail,_first + _tat,LET(_rem1,_tat - _avail,_daylen,_close - _open,_k,INT(_rem1/_daylen),_rem2,MOD(_rem1,_daylen),_base,_xlfn.WORKDAY.INTL(INT(_first),1+_k,_wd,_hol),IF(_rem2=0,_xlfn.WORKDAY.INTL(INT(_first),_k,_wd,_hol) + _close,_base + _open + _rem2))))) | J13: =IF(G13,IF(H13<>"",IF(H13>G13,H13-G13,""),$A$1-G13),"") | K13: =IF(AND(H13<>"",F13<>""),H13+F13-2,"") | N13: =IF(K13,IF(L13<>"",IF(L13>K13,L13-K13,""),$A$1-K13),"") | O13: =IF(AND(H13<>"",F13<>""),H13+F13-0,"") | R13: =IF(O13,IF(P13<>"",IF(P13>O13,P13-O13,""),$A$1-O13),"") | S13: =IF(OR(ISBLANK(P13),ISBLANK(S$5)),"",LET(_start,P13,_tat,S$5/24,_open,Config!$A$1,_close,Config!$A$2,_wd,Config!$A$3,_hol,Holidays!$A$1:$A$300,_sd,INT(_start),_st,MOD(_start,1),_iswd,_xlfn.WORKDAY.INTL(_sd-1,1,_wd,_hol)=_sd,_first,IF(_iswd,IF(_st<_open,_sd+_open,IF(_st>=_close,_xlfn.WORKDAY.INTL(_sd,1,_wd,_hol)+_open,_start)),_xlfn.WORKDAY.INTL(_sd,1,_wd,_hol)+_open),_ft,MOD(_first,1),_avail,_close - MAX(_ft,_open),IF(_tat<=_avail,_first + _tat,LET(_rem1,_tat - _avail,_daylen,_close - _open,_k,INT(_rem1/_daylen),_rem2,MOD(_rem1,_daylen),_base,_xlfn.WORKDAY.INTL(INT(_first),1+_k,_wd,_hol),IF(_rem2=0,_xlfn.WORKDAY.INTL(INT(_first),_k,_wd,_hol) + _close,_base + _open + _rem2))))) | V13: =IF(S13,IF(T13<>"",IF(T13>S13,T13-S13,""),$A$1-S13),"")
G14: =IF(OR(ISBLANK(A14),ISBLANK(F$5)),"",LET(_start,A14,_tat,F$5/24,_open,Config!$A$1,_close,Config!$A$2,_wd,Config!$A$3,_hol,Holidays!$A$1:$A$300,_sd,INT(_start),_st,MOD(_start,1),_iswd,_xlfn.WORKDAY.INTL(_sd-1,1,_wd,_hol)=_sd,_first,IF(_iswd,IF(_st<_open,_sd+_open,IF(_st>=_close,_xlfn.WORKDAY.INTL(_sd,1,_wd,_hol)+_open,_start)),_xlfn.WORKDAY.INTL(_sd,1,_wd,_hol)+_open),_ft,MOD(_first,1),_avail,_close - MAX(_ft,_open),IF(_tat<=_avail,_first + _tat,LET(_rem1,_tat - _avail,_daylen,_close - _open,_k,INT(_rem1/_daylen),_rem2,MOD(_rem1,_daylen),_base,_xlfn.WORKDAY.INTL(INT(_first),1+_k,_wd,_hol),IF(_rem2=0,_xlfn.WORKDAY.INTL(INT(_first),_k,_wd,_hol) + _close,_base + _open + _rem2))))) | J14: =IF(G14,IF(H14<>"",IF(H14>G14,H14-G14,""),$A$1-G14),"") | K14: =IF(AND(H14<>"",F14<>""),H14+F14-2,"") | N14: =IF(K14,IF(L14<>"",IF(L14>K14,L14-K14,""),$A$1-K14),"") | O14: =IF(AND(H14<>"",F14<>""),H14+F14-0,"") | R14: =IF(O14,IF(P14<>"",IF(P14>O14,P14-O14,""),$A$1-O14),"") | S14: =IF(OR(ISBLANK(P14),ISBLANK(S$5)),"",LET(_start,P14,_tat,S$5/24,_open,Config!$A$1,_close,Config!$A$2,_wd,Config!$A$3,_hol,Holidays!$A$1:$A$300,_sd,INT(_start),_st,MOD(_start,1),_iswd,_xlfn.WORKDAY.INTL(_sd-1,1,_wd,_hol)=_sd,_first,IF(_iswd,IF(_st<_open,_sd+_open,IF(_st>=_close,_xlfn.WORKDAY.INTL(_sd,1,_wd,_hol)+_open,_start)),_xlfn.WORKDAY.INTL(_sd,1,_wd,_hol)+_open),_ft,MOD(_first,1),_avail,_close - MAX(_ft,_open),IF(_tat<=_avail,_first + _tat,LET(_rem1,_tat - _avail,_daylen,_close - _open,_k,INT(_rem1/_daylen),_rem2,MOD(_rem1,_daylen),_base,_xlfn.WORKDAY.INTL(INT(_first),1+_k,_wd,_hol),IF(_rem2=0,_xlfn.WORKDAY.INTL(INT(_first),_k,_wd,_hol) + _close,_base + _open + _rem2))))) | V14: =IF(S14,IF(T14<>"",IF(T14>S14,T14-S14,""),$A$1-S14),"")
G15: =IF(OR(ISBLANK(A15),ISBLANK(F$5)),"",LET(_start,A15,_tat,F$5/24,_open,Config!$A$1,_close,Config!$A$2,_wd,Config!$A$3,_hol,Holidays!$A$1:$A$300,_sd,INT(_start),_st,MOD(_start,1),_iswd,_xlfn.WORKDAY.INTL(_sd-1,1,_wd,_hol)=_sd,_first,IF(_iswd,IF(_st<_open,_sd+_open,IF(_st>=_close,_xlfn.WORKDAY.INTL(_sd,1,_wd,_hol)+_open,_start)),_xlfn.WORKDAY.INTL(_sd,1,_wd,_hol)+_open),_ft,MOD(_first,1),_avail,_close - MAX(_ft,_open),IF(_tat<=_avail,_first + _tat,LET(_rem1,_tat - _avail,_daylen,_close - _open,_k,INT(_rem1/_daylen),_rem2,MOD(_rem1,_daylen),_base,_xlfn.WORKDAY.INTL(INT(_first),1+_k,_wd,_hol),IF(_rem2=0,_xlfn.WORKDAY.INTL(INT(_first),_k,_wd,_hol) + _close,_base + _open + _rem2))))) | J15: =IF(G15,IF(H15<>"",IF(H15>G15,H15-G15,""),$A$1-G15),"") | K15: =IF(AND(H15<>"",F15<>""),H15+F15-2,"") | N15: =IF(K15,IF(L15<>"",IF(L15>K15,L15-K15,""),$A$1-K15),"") | O15: =IF(AND(H15<>"",F15<>""),H15+F15-0,"") | R15: =IF(O15,IF(P15<>"",IF(P15>O15,P15-O15,""),$A$1-O15),"") | S15: =IF(OR(ISBLANK(P15),ISBLANK(S$5)),"",LET(_start,P15,_tat,S$5/24,_open,Config!$A$1,_close,Config!$A$2,_wd,Config!$A$3,_hol,Holidays!$A$1:$A$300,_sd,INT(_start),_st,MOD(_start,1),_iswd,_xlfn.WORKDAY.INTL(_sd-1,1,_wd,_hol)=_sd,_first,IF(_iswd,IF(_st<_open,_sd+_open,IF(_st>=_close,_xlfn.WORKDAY.INTL(_sd,1,_wd,_hol)+_open,_start)),_xlfn.WORKDAY.INTL(_sd,1,_wd,_hol)+_open),_ft,MOD(_first,1),_avail,_close - MAX(_ft,_open),IF(_tat<=_avail,_first + _tat,LET(_rem1,_tat - _avail,_daylen,_close - _open,_k,INT(_rem1/_daylen),_rem2,MOD(_rem1,_daylen),_base,_xlfn.WORKDAY.INTL(INT(_first),1+_k,_wd,_hol),IF(_rem2=0,_xlfn.WORKDAY.INTL(INT(_first),_k,_wd,_hol) + _close,_base + _open + _rem2))))) | V15: =IF(S15,IF(T15<>"",IF(T15>S15,T15-S15,""),$A$1-S15),"")
G16: =IF(OR(ISBLANK(A16),ISBLANK(F$5)),"",LET(_start,A16,_tat,F$5/24,_open,Config!$A$1,_close,Config!$A$2,_wd,Config!$A$3,_hol,Holidays!$A$1:$A$300,_sd,INT(_start),_st,MOD(_start,1),_iswd,_xlfn.WORKDAY.INTL(_sd-1,1,_wd,_hol)=_sd,_first,IF(_iswd,IF(_st<_open,_sd+_open,IF(_st>=_close,_xlfn.WORKDAY.INTL(_sd,1,_wd,_hol)+_open,_start)),_xlfn.WORKDAY.INTL(_sd,1,_wd,_hol)+_open),_ft,MOD(_first,1),_avail,_close - MAX(_ft,_open),IF(_tat<=_avail,_first + _tat,LET(_rem1,_tat - _avail,_daylen,_close - _open,_k,INT(_rem1/_daylen),_rem2,MOD(_rem1,_daylen),_base,_xlfn.WORKDAY.INTL(INT(_first),1+_k,_wd,_hol),IF(_rem2=0,_xlfn.WORKDAY.INTL(INT(_first),_k,_wd,_hol) + _close,_base + _open + _rem2))))) | J16: =IF(G16,IF(H16<>"",IF(H16>G16,H16-G16,""),$A$1-G16),"") | K16: =IF(AND(H16<>"",F16<>""),H16+F16-2,"") | N16: =IF(K16,IF(L16<>"",IF(L16>K16,L16-K16,""),$A$1-K16),"") | O16: =IF(AND(H16<>"",F16<>""),H16+F16-0,"") | R16: =IF(O16,IF(P16<>"",IF(P16>O16,P16-O16,""),$A$1-O16),"") | S16: =IF(OR(ISBLANK(P16),ISBLANK(S$5)),"",LET(_start,P16,_tat,S$5/24,_open,Config!$A$1,_close,Config!$A$2,_wd,Config!$A$3,_hol,Holidays!$A$1:$A$300,_sd,INT(_start),_st,MOD(_start,1),_iswd,_xlfn.WORKDAY.INTL(_sd-1,1,_wd,_hol)=_sd,_first,IF(_iswd,IF(_st<_open,_sd+_open,IF(_st>=_close,_xlfn.WORKDAY.INTL(_sd,1,_wd,_hol)+_open,_start)),_xlfn.WORKDAY.INTL(_sd,1,_wd,_hol)+_open),_ft,MOD(_first,1),_avail,_close - MAX(_ft,_open),IF(_tat<=_avail,_first + _tat,LET(_rem1,_tat - _avail,_daylen,_close - _open,_k,INT(_rem1/_daylen),_rem2,MOD(_rem1,_daylen),_base,_xlfn.WORKDAY.INTL(INT(_first),1+_k,_wd,_hol),IF(_rem2=0,_xlfn.WORKDAY.INTL(INT(_first),_k,_wd,_hol) + _close,_base + _open + _rem2))))) | V16: =IF(S16,IF(T16<>"",IF(T16>S16,T16-S16,""),$A$1-S16),"")
G17: =IF(OR(ISBLANK(A17),ISBLANK(F$5)),"",LET(_start,A17,_tat,F$5/24,_open,Config!$A$1,_close,Config!$A$2,_wd,Config!$A$3,_hol,Holidays!$A$1:$A$300,_sd,INT(_start),_st,MOD(_start,1),_iswd,_xlfn.WORKDAY.INTL(_sd-1,1,_wd,_hol)=_sd,_first,IF(_iswd,IF(_st<_open,_sd+_open,IF(_st>=_close,_xlfn.WORKDAY.INTL(_sd,1,_wd,_hol)+_open,_start)),_xlfn.WORKDAY.INTL(_sd,1,_wd,_hol)+_open),_ft,MOD(_first,1),_avail,_close - MAX(_ft,_open),IF(_tat<=_avail,_first + _tat,LET(_rem1,_tat - _avail,_daylen,_close - _open,_k,INT(_rem1/_daylen),_rem2,MOD(_rem1,_daylen),_base,_xlfn.WORKDAY.INTL(INT(_first),1+_k,_wd,_hol),IF(_rem2=0,_xlfn.WORKDAY.INTL(INT(_first),_k,_wd,_hol) + _close,_base + _open + _rem2))))) | J17: =IF(G17,IF(H17<>"",IF(H17>G17,H17-G17,""),$A$1-G17),"") | K17: =IF(AND(H17<>"",F17<>""),H17+F17-2,"") | N17: =IF(K17,IF(L17<>"",IF(L17>K17,L17-K17,""),$A$1-K17),"") | O17: =IF(AND(H17<>"",F17<>""),H17+F17-0,"") | R17: =IF(O17,IF(P17<>"",IF(P17>O17,P17-O17,""),$A$1-O17),"") | S17: =IF(OR(ISBLANK(P17),ISBLANK(S$5)),"",LET(_start,P17,_tat,S$5/24,_open,Config!$A$1,_close,Config!$A$2,_wd,Config!$A$3,_hol,Holidays!$A$1:$A$300,_sd,INT(_start),_st,MOD(_start,1),_iswd,_xlfn.WORKDAY.INTL(_sd-1,1,_wd,_hol)=_sd,_first,IF(_iswd,IF(_st<_open,_sd+_open,IF(_st>=_close,_xlfn.WORKDAY.INTL(_sd,1,_wd,_hol)+_open,_start)),_xlfn.WORKDAY.INTL(_sd,1,_wd,_hol)+_open),_ft,MOD(_first,1),_avail,_close - MAX(_ft,_open),IF(_tat<=_avail,_first + _tat,LET(_rem1,_tat - _avail,_daylen,_close - _open,_k,INT(_rem1/_daylen),_rem2,MOD(_rem1,_daylen),_base,_xlfn.WORKDAY.INTL(INT(_first),1+_k,_wd,_hol),IF(_rem2=0,_xlfn.WORKDAY.INTL(INT(_first),_k,_wd,_hol) + _close,_base + _open + _rem2))))) | V17: =IF(S17,IF(T17<>"",IF(T17>S17,T17-S17,""),$A$1-S17),"")
G18: =IF(OR(ISBLANK(A18),ISBLANK(F$5)),"",LET(_start,A18,_tat,F$5/24,_open,Config!$A$1,_close,Config!$A$2,_wd,Config!$A$3,_hol,Holidays!$A$1:$A$300,_sd,INT(_start),_st,MOD(_start,1),_iswd,_xlfn.WORKDAY.INTL(_sd-1,1,_wd,_hol)=_sd,_first,IF(_iswd,IF(_st<_open,_sd+_open,IF(_st>=_close,_xlfn.WORKDAY.INTL(_sd,1,_wd,_hol)+_open,_start)),_xlfn.WORKDAY.INTL(_sd,1,_wd,_hol)+_open),_ft,MOD(_first,1),_avail,_close - MAX(_ft,_open),IF(_tat<=_avail,_first + _tat,LET(_rem1,_tat - _avail,_daylen,_close - _open,_k,INT(_rem1/_daylen),_rem2,MOD(_rem1,_daylen),_base,_xlfn.WORKDAY.INTL(INT(_first),1+_k,_wd,_hol),IF(_rem2=0,_xlfn.WORKDAY.INTL(INT(_first),_k,_wd,_hol) + _close,_base + _open + _rem2))))) | J18: =IF(G18,IF(H18<>"",IF(H18>G18,H18-G18,""),$A$1-G18),"") | K18: =IF(AND(H18<>"",F18<>""),H18+F18-2,"") | N18: =IF(K18,IF(L18<>"",IF(L18>K18,L18-K18,""),$A$1-K18),"") | O18: =IF(AND(H18<>"",F18<>""),H18+F18-0,"") | R18: =IF(O18,IF(P18<>"",IF(P18>O18,P18-O18,""),$A$1-O18),"") | S18: =IF(OR(ISBLANK(P18),ISBLANK(S$5)),"",LET(_start,P18,_tat,S$5/24,_open,Config!$A$1,_close,Config!$A$2,_wd,Config!$A$3,_hol,Holidays!$A$1:$A$300,_sd,INT(_start),_st,MOD(_start,1),_iswd,_xlfn.WORKDAY.INTL(_sd-1,1,_wd,_hol)=_sd,_first,IF(_iswd,IF(_st<_open,_sd+_open,IF(_st>=_close,_xlfn.WORKDAY.INTL(_sd,1,_wd,_hol)+_open,_start)),_xlfn.WORKDAY.INTL(_sd,1,_wd,_hol)+_open),_ft,MOD(_first,1),_avail,_close - MAX(_ft,_open),IF(_tat<=_avail,_first + _tat,LET(_rem1,_tat - _avail,_daylen,_close - _open,_k,INT(_rem1/_daylen),_rem2,MOD(_rem1,_daylen),_base,_xlfn.WORKDAY.INTL(INT(_first),1+_k,_wd,_hol),IF(_rem2=0,_xlfn.WORKDAY.INTL(INT(_first),_k,_wd,_hol) + _close,_base + _open + _rem2))))) | V18: =IF(S18,IF(T18<>"",IF(T18>S18,T18-S18,""),$A$1-S18),"")
G19: =IF(OR(ISBLANK(A19),ISBLANK(F$5)),"",LET(_start,A19,_tat,F$5/24,_open,Config!$A$1,_close,Config!$A$2,_wd,Config!$A$3,_hol,Holidays!$A$1:$A$300,_sd,INT(_start),_st,MOD(_start,1),_iswd,_xlfn.WORKDAY.INTL(_sd-1,1,_wd,_hol)=_sd,_first,IF(_iswd,IF(_st<_open,_sd+_open,IF(_st>=_close,_xlfn.WORKDAY.INTL(_sd,1,_wd,_hol)+_open,_start)),_xlfn.WORKDAY.INTL(_sd,1,_wd,_hol)+_open),_ft,MOD(_first,1),_avail,_close - MAX(_ft,_open),IF(_tat<=_avail,_first + _tat,LET(_rem1,_tat - _avail,_daylen,_close - _open,_k,INT(_rem1/_daylen),_rem2,MOD(_rem1,_daylen),_base,_xlfn.WORKDAY.INTL(INT(_first),1+_k,_wd,_hol),IF(_rem2=0,_xlfn.WORKDAY.INTL(INT(_first),_k,_wd,_hol) + _close,_base + _open + _rem2))))) | J19: =IF(G19,IF(H19<>"",IF(H19>G19,H19-G19,""),$A$1-G19),"") | K19: =IF(AND(H19<>"",F19<>""),H19+F19-2,"") | N19: =IF(K19,IF(L19<>"",IF(L19>K19,L19-K19,""),$A$1-K19),"") | O19: =IF(AND(H19<>"",F19<>""),H19+F19-0,"") | R19: =IF(O19,IF(P19<>"",IF(P19>O19,P19-O19,""),$A$1-O19),"") | S19: =IF(OR(ISBLANK(P19),ISBLANK(S$5)),"",LET(_start,P19,_tat,S$5/24,_open,Config!$A$1,_close,Config!$A$2,_wd,Config!$A$3,_hol,Holidays!$A$1:$A$300,_sd,INT(_start),_st,MOD(_start,1),_iswd,_xlfn.WORKDAY.INTL(_sd-1,1,_wd,_hol)=_sd,_first,IF(_iswd,IF(_st<_open,_sd+_open,IF(_st>=_close,_xlfn.WORKDAY.INTL(_sd,1,_wd,_hol)+_open,_start)),_xlfn.WORKDAY.INTL(_sd,1,_wd,_hol)+_open),_ft,MOD(_first,1),_avail,_close - MAX(_ft,_open),IF(_tat<=_avail,_first + _tat,LET(_rem1,_tat - _avail,_daylen,_close - _open,_k,INT(_rem1/_daylen),_rem2,MOD(_rem1,_daylen),_base,_xlfn.WORKDAY.INTL(INT(_first),1+_k,_wd,_hol),IF(_rem2=0,_xlfn.WORKDAY.INTL(INT(_first),_k,_wd,_hol) + _close,_base + _open + _rem2))))) | V19: =IF(S19,IF(T19<>"",IF(T19>S19,T19-S19,""),$A$1-S19),"")
G20: =IF(OR(ISBLANK(A20),ISBLANK(F$5)),"",LET(_start,A20,_tat,F$5/24,_open,Config!$A$1,_close,Config!$A$2,_wd,Config!$A$3,_hol,Holidays!$A$1:$A$300,_sd,INT(_start),_st,MOD(_start,1),_iswd,_xlfn.WORKDAY.INTL(_sd-1,1,_wd,_hol)=_sd,_first,IF(_iswd,IF(_st<_open,_sd+_open,IF(_st>=_close,_xlfn.WORKDAY.INTL(_sd,1,_wd,_hol)+_open,_start)),_xlfn.WORKDAY.INTL(_sd,1,_wd,_hol)+_open),_ft,MOD(_first,1),_avail,_close - MAX(_ft,_open),IF(_tat<=_avail,_first + _tat,LET(_rem1,_tat - _avail,_daylen,_close - _open,_k,INT(_rem1/_daylen),_rem2,MOD(_rem1,_daylen),_base,_xlfn.WORKDAY.INTL(INT(_first),1+_k,_wd,_hol),IF(_rem2=0,_xlfn.WORKDAY.INTL(INT(_first),_k,_wd,_hol) + _close,_base + _open + _rem2))))) | J20: =IF(G20,IF(H20<>"",IF(H20>G20,H20-G20,""),$A$1-G20),"") | K20: =IF(AND(H20<>"",F20<>""),H20+F20-2,"") | N20: =IF(K20,IF(L20<>"",IF(L20>K20,L20-K20,""),$A$1-K20),"") | O20: =IF(AND(H20<>"",F20<>""),H20+F20-0,"") | R20: =IF(O20,IF(P20<>"",IF(P20>O20,P20-O20,""),$A$1-O20),"") | S20: =IF(OR(ISBLANK(P20),ISBLANK(S$5)),"",LET(_start,P20,_tat,S$5/24,_open,Config!$A$1,_close,Config!$A$2,_wd,Config!$A$3,_hol,Holidays!$A$1:$A$300,_sd,INT(_start),_st,MOD(_start,1),_iswd,_xlfn.WORKDAY.INTL(_sd-1,1,_wd,_hol)=_sd,_first,IF(_iswd,IF(_st<_open,_sd+_open,IF(_st>=_close,_xlfn.WORKDAY.INTL(_sd,1,_wd,_hol)+_open,_start)),_xlfn.WORKDAY.INTL(_sd,1,_wd,_hol)+_open),_ft,MOD(_first,1),_avail,_close - MAX(_ft,_open),IF(_tat<=_avail,_first + _tat,LET(_rem1,_tat - _avail,_daylen,_close - _open,_k,INT(_rem1/_daylen),_rem2,MOD(_rem1,_daylen),_base,_xlfn.WORKDAY.INTL(INT(_first),1+_k,_wd,_hol),IF(_rem2=0,_xlfn.WORKDAY.INTL(INT(_first),_k,_wd,_hol) + _close,_base + _open + _rem2))))) | V20: =IF(S20,IF(T20<>"",IF(T20>S20,T20-S20,""),$A$1-S20),"")
G21: =IF(OR(ISBLANK(A21),ISBLANK(F$5)),"",LET(_start,A21,_tat,F$5/24,_open,Config!$A$1,_close,Config!$A$2,_wd,Config!$A$3,_hol,Holidays!$A$1:$A$300,_sd,INT(_start),_st,MOD(_start,1),_iswd,_xlfn.WORKDAY.INTL(_sd-1,1,_wd,_hol)=_sd,_first,IF(_iswd,IF(_st<_open,_sd+_open,IF(_st>=_close,_xlfn.WORKDAY.INTL(_sd,1,_wd,_hol)+_open,_start)),_xlfn.WORKDAY.INTL(_sd,1,_wd,_hol)+_open),_ft,MOD(_first,1),_avail,_close - MAX(_ft,_open),IF(_tat<=_avail,_first + _tat,LET(_rem1,_tat - _avail,_daylen,_close - _open,_k,INT(_rem1/_daylen),_rem2,MOD(_rem1,_daylen),_base,_xlfn.WORKDAY.INTL(INT(_first),1+_k,_wd,_hol),IF(_rem2=0,_xlfn.WORKDAY.INTL(INT(_first),_k,_wd,_hol) + _close,_base + _open + _rem2))))) | J21: =IF(G21,IF(H21<>"",IF(H21>G21,H21-G21,""),$A$1-G21),"") | K21: =IF(AND(H21<>"",F21<>""),H21+F21-2,"") | N21: =IF(K21,IF(L21<>"",IF(L21>K21,L21-K21,""),$A$1-K21),"") | O21: =IF(AND(H21<>"",F21<>""),H21+F21-0,"") | R21: =IF(O21,IF(P21<>"",IF(P21>O21,P21-O21,""),$A$1-O21),"") | S21: =IF(OR(ISBLANK(P21),ISBLANK(S$5)),"",LET(_start,P21,_tat,S$5/24,_open,Config!$A$1,_close,Config!$A$2,_wd,Config!$A$3,_hol,Holidays!$A$1:$A$300,_sd,INT(_start),_st,MOD(_start,1),_iswd,_xlfn.WORKDAY.INTL(_sd-1,1,_wd,_hol)=_sd,_first,IF(_iswd,IF(_st<_open,_sd+_open,IF(_st>=_close,_xlfn.WORKDAY.INTL(_sd,1,_wd,_hol)+_open,_start)),_xlfn.WORKDAY.INTL(_sd,1,_wd,_hol)+_open),_ft,MOD(_first,1),_avail,_close - MAX(_ft,_open),IF(_tat<=_avail,_first + _tat,LET(_rem1,_tat - _avail,_daylen,_close - _open,_k,INT(_rem1/_daylen),_rem2,MOD(_rem1,_daylen),_base,_xlfn.WORKDAY.INTL(INT(_first),1+_k,_wd,_hol),IF(_rem2=0,_xlfn.WORKDAY.INTL(INT(_first),_k,_wd,_hol) + _close,_base + _open + _rem2))))) | V21: =IF(S21,IF(T21<>"",IF(T21>S21,T21-S21,""),$A$1-S21),"")
G22: =IF(OR(ISBLANK(A22),ISBLANK(F$5)),"",LET(_start,A22,_tat,F$5/24,_open,Config!$A$1,_close,Config!$A$2,_wd,Config!$A$3,_hol,Holidays!$A$1:$A$300,_sd,INT(_start),_st,MOD(_start,1),_iswd,_xlfn.WORKDAY.INTL(_sd-1,1,_wd,_hol)=_sd,_first,IF(_iswd,IF(_st<_open,_sd+_open,IF(_st>=_close,_xlfn.WORKDAY.INTL(_sd,1,_wd,_hol)+_open,_start)),_xlfn.WORKDAY.INTL(_sd,1,_wd,_hol)+_open),_ft,MOD(_first,1),_avail,_close - MAX(_ft,_open),IF(_tat<=_avail,_first + _tat,LET(_rem1,_tat - _avail,_daylen,_close - _open,_k,INT(_rem1/_daylen),_rem2,MOD(_rem1,_daylen),_base,_xlfn.WORKDAY.INTL(INT(_first),1+_k,_wd,_hol),IF(_rem2=0,_xlfn.WORKDAY.INTL(INT(_first),_k,_wd,_hol) + _close,_base + _open + _rem2))))) | J22: =IF(G22,IF(H22<>"",IF(H22>G22,H22-G22,""),$A$1-G22),"") | K22: =IF(AND(H22<>"",F22<>""),H22+F22-2,"") | N22: =IF(K22,IF(L22<>"",IF(L22>K22,L22-K22,""),$A$1-K22),"") | O22: =IF(AND(H22<>"",F22<>""),H22+F22-0,"") | R22: =IF(O22,IF(P22<>"",IF(P22>O22,P22-O22,""),$A$1-O22),"") | S22: =IF(OR(ISBLANK(P22),ISBLANK(S$5)),"",LET(_start,P22,_tat,S$5/24,_open,Config!$A$1,_close,Config!$A$2,_wd,Config!$A$3,_hol,Holidays!$A$1:$A$300,_sd,INT(_start),_st,MOD(_start,1),_iswd,_xlfn.WORKDAY.INTL(_sd-1,1,_wd,_hol)=_sd,_first,IF(_iswd,IF(_st<_open,_sd+_open,IF(_st>=_close,_xlfn.WORKDAY.INTL(_sd,1,_wd,_hol)+_open,_start)),_xlfn.WORKDAY.INTL(_sd,1,_wd,_hol)+_open),_ft,MOD(_first,1),_avail,_close - MAX(_ft,_open),IF(_tat<=_avail,_first + _tat,LET(_rem1,_tat - _avail,_daylen,_close - _open,_k,INT(_rem1/_daylen),_rem2,MOD(_rem1,_daylen),_base,_xlfn.WORKDAY.INTL(INT(_first),1+_k,_wd,_hol),IF(_rem2=0,_xlfn.WORKDAY.INTL(INT(_first),_k,_wd,_hol) + _close,_base + _open + _rem2))))) | V22: =IF(S22,IF(T22<>"",IF(T22>S22,T22-S22,""),$A$1-S22),"")
G23: =IF(OR(ISBLANK(A23),ISBLANK(F$5)),"",LET(_start,A23,_tat,F$5/24,_open,Config!$A$1,_close,Config!$A$2,_wd,Config!$A$3,_hol,Holidays!$A$1:$A$300,_sd,INT(_start),_st,MOD(_start,1),_iswd,_xlfn.WORKDAY.INTL(_sd-1,1,_wd,_hol)=_sd,_first,IF(_iswd,IF(_st<_open,_sd+_open,IF(_st>=_close,_xlfn.WORKDAY.INTL(_sd,1,_wd,_hol)+_open,_start)),_xlfn.WORKDAY.INTL(_sd,1,_wd,_hol)+_open),_ft,MOD(_first,1),_avail,_close - MAX(_ft,_open),IF(_tat<=_avail,_first + _tat,LET(_rem1,_tat - _avail,_daylen,_close - _open,_k,INT(_rem1/_daylen),_rem2,MOD(_rem1,_daylen),_base,_xlfn.WORKDAY.INTL(INT(_first),1+_k,_wd,_hol),IF(_rem2=0,_xlfn.WORKDAY.INTL(INT(_first),_k,_wd,_hol) + _close,_base + _open + _rem2))))) | J23: =IF(G23,IF(H23<>"",IF(H23>G23,H23-G23,""),$A$1-G23),"") | K23: =IF(AND(H23<>"",F23<>""),H23+F23-2,"") | N23: =IF(K23,IF(L23<>"",IF(L23>K23,L23-K23,""),$A$1-K23),"") | O23: =IF(AND(H23<>"",F23<>""),H23+F23-0,"") | R23: =IF(O23,IF(P23<>"",IF(P23>O23,P23-O23,""),$A$1-O23),"") | S23: =IF(OR(ISBLANK(P23),ISBLANK(S$5)),"",LET(_start,P23,_tat,S$5/24,_open,Config!$A$1,_close,Config!$A$2,_wd,Config!$A$3,_hol,Holidays!$A$1:$A$300,_sd,INT(_start),_st,MOD(_start,1),_iswd,_xlfn.WORKDAY.INTL(_sd-1,1,_wd,_hol)=_sd,_first,IF(_iswd,IF(_st<_open,_sd+_open,IF(_st>=_close,_xlfn.WORKDAY.INTL(_sd,1,_wd,_hol)+_open,_start)),_xlfn.WORKDAY.INTL(_sd,1,_wd,_hol)+_open),_ft,MOD(_first,1),_avail,_close - MAX(_ft,_open),IF(_tat<=_avail,_first + _tat,LET(_rem1,_tat - _avail,_daylen,_close - _open,_k,INT(_rem1/_daylen),_rem2,MOD(_rem1,_daylen),_base,_xlfn.WORKDAY.INTL(INT(_first),1+_k,_wd,_hol),IF(_rem2=0,_xlfn.WORKDAY.INTL(INT(_first),_k,_wd,_hol) + _close,_base + _open + _rem2))))) | V23: =IF(S23,IF(T23<>"",IF(T23>S23,T23-S23,""),$A$1-S23),"")
... G200: =IF(OR(ISBLANK(A200),ISBLANK(F$5)),"",LET(_start,A200,_tat,F$5/24,_open,Config!$A$1,_close,Config!$A$2,_wd,Config!$A$3,_hol,Holidays!$A$1:$A$300,_sd,INT(_start),_st,MOD(_start,1),_iswd,_xlfn.WORKDAY.INTL(_sd-1,1,_wd,_hol)=_sd,_first,IF(_iswd,IF(_st<_open,_sd+_open,IF(_st>=_close,_xlfn.WORKDAY.INTL(_sd,1,_wd,_hol)+_open,_start)),_xlfn.WORKDAY.INTL(_sd,1,_wd,_hol)+_open),_ft,MOD(_first,1),_avail,_close - MAX(_ft,_open),IF(_tat<=_avail,_first + _tat,LET(_rem1,_tat - _avail,_daylen,_close - _open,_k,INT(_rem1/_daylen),_rem2,MOD(_rem1,_daylen),_base,_xlfn.WORKDAY.INTL(INT(_first),1+_k,_wd,_hol),IF(_rem2=0,_xlfn.WORKDAY.INTL(INT(_first),_k,_wd,_hol) + _close,_base + _open + _rem2))))) | J200: =IF(G200,IF(H200<>"",IF(H200>G200,H200-G200,""),$A$1-G200),"") | K200: =IF(AND(H200<>"",F200<>""),H200+F200-2,"") | N200: =IF(K200,IF(L200<>"",IF(L200>K200,L200-K200,""),$A$1-K200),"") | O200: =IF(AND(H200<>"",F200<>""),H200+F200-0,"") | R200: =IF(O200,IF(P200<>"",IF(P200>O200,P200-O200,""),$A$1-O200),"") | S200: =IF(OR(ISBLANK(P200),ISBLANK(S$5)),"",LET(_start,P200,_tat,S$5/24,_open,Config!$A$1,_close,Config!$A$2,_wd,Config!$A$3,_hol,Holidays!$A$1:$A$300,_sd,INT(_start),_st,MOD(_start,1),_iswd,_xlfn.WORKDAY.INTL(_sd-1,1,_wd,_hol)=_sd,_first,IF(_iswd,IF(_st<_open,_sd+_open,IF(_st>=_close,_xlfn.WORKDAY.INTL(_sd,1,_wd,_hol)+_open,_start)),_xlfn.WORKDAY.INTL(_sd,1,_wd,_hol)+_open),_ft,MOD(_first,1),_avail,_close - MAX(_ft,_open),IF(_tat<=_avail,_first + _tat,LET(_rem1,_tat - _avail,_daylen,_close - _open,_k,INT(_rem1/_daylen),_rem2,MOD(_rem1,_daylen),_base,_xlfn.WORKDAY.INTL(INT(_first),1+_k,_wd,_hol),IF(_rem2=0,_xlfn.WORKDAY.INTL(INT(_first),_k,_wd,_hol) + _close,_base + _open + _rem2))))) | V200: =IF(S200,IF(T200<>"",IF(T200>S200,T200-S200,""),$A$1-S200),"")

Sheet Config
A1: 0.41666667 | B1: Opening Time
A2: 0.75 | B2: Closing Time
A3: 0000001 | B3: Working Days (0=working, 1=off; Mon-Sun)

Sheet Holidays
